Model,Accuracy,AUC,Precision,Recall,F1,MCC
Logistic Regression,0.8914077186774301,0.8725826898970541,0.5945273631840796,0.22589792060491493,0.3273972602739726,0.32045322078873445
Decision Tree,0.8993696782041358,0.850681866874681,0.5844748858447488,0.4839319470699433,0.5294725956566702,0.4763371797548349
K-Nearest Neighbors,0.8922923808470641,0.8089241642825099,0.5716723549488054,0.3166351606805293,0.4075425790754258,0.372370015504988
Naive Bayes,0.837996240185779,0.8127459567975399,0.35536602700781805,0.4725897920604915,0.4056795131845842,0.3183441908562959
Random Forest,0.9054517306203693,0.9213679240257903,0.6890130353817505,0.3497164461247637,0.46394984326018807,0.4471623388179481
XGBoost,0.9065575583324118,0.9281329714386497,0.6322981366459627,0.4810964083175803,0.546430488459474,0.5011650125657066
